S-13/05 05:30,36,['Leeds'],['Newcastle'],['2\n                                            '],['2\n                                            '],"6,90,78","30,68"
S-13/05 08:00,36,['Aston Villa'],['Tottenham'],['2\n                                                            '],['1\n                                                    '],"7,71",89
S-13/05 08:00,36,['Crystal Palace'],['Bournemouth'],['2\n                                            '],['0\n                                            '],"38,57",
S-13/05 08:00,36,['M. United'],['Wolves'],['2\n                                                            '],['0\n                                                    '],"31,93",
S-13/05 08:00,36,['Southampton'],['Fulham'],['0\n                                            '],['2\n                                            '],,"47,71"
S-13/05 08:00,36,['Chelsea'],['Nottingham Forest'],['2\n                                                            '],['2\n                                                    '],"50,57","12,61"
D-14/05 07:00,36,['Brentford'],['West Ham'],['2\n                                            '],['0\n                                            '],"19,42",
D-14/05 07:00,36,['Brentford'],['West Ham'],['2\n                                            '],['0\n                                            '],"19,42",
D-14/05 09:30,36,['Brentford'],['West Ham'],['2\n                                            '],['0\n                                            '],"19,42",
L-15/05 13:00,36,['Leicester'],['Liverpool'],['0\n                                                            '],['3\n                                                    '],,"32,35,70"
V-05/08 13:00,1,['Crystal Palace'],['Arsenal'],['0\n                                                            '],['2\n                                                    '],,"19,84"
S-06/08 05:30,1,['Fulham'],['Liverpool'],['2\n                                                            '],['2\n                                                    '],"31,71","63,80"
S-06/08 08:00,1,['Fulham'],['Liverpool'],['2\n                                                            '],['2\n                                                    '],"31,71","63,80"
S-06/08 08:00,1,['Leeds'],['Wolves'],['2\n                                            '],['1\n                                            '],"23,73",5
S-06/08 08:00,1,['Tottenham'],['Southampton'],['4\n                                                            '],['1\n                                                    '],"20,30,60,62",11
S-06/08 08:00,1,['Newcastle'],['Nottingham Forest'],['2\n                                            '],['0\n                                            '],"57,77",
S-06/08 10:30,1,['Everton'],['Chelsea'],['0\n                                                            '],['1\n                                                    '],,53
D-07/08 07:00,1,['Leicester'],['Brentford'],['2\n                                            '],['2\n                                            '],"32,45","61,85"
D-07/08 07:00,1,['M. United'],['Brighton'],['1\n                                            '],['2\n                                            '],67,"29,38"
D-07/08 09:30,1,['West Ham'],['M. City'],['0\n                                            '],['2\n                                            '],,"35,64"
S-13/08 05:30,2,['Aston Villa'],['Everton'],['2\n                                            '],['1\n                                            '],"30,85",86
S-13/08 08:00,2,['Arsenal'],['Leicester'],['4\n                                                            '],['2\n                                                    '],"22,34,54,74","52,73"
S-13/08 08:00,2,['Brighton'],['Newcastle'],['0\n                                            '],['0\n                                            '],,
S-13/08 08:00,2,['M. City'],['Bournemouth'],['4\n                                                            '],['0\n                                                    '],"18,30,36,78",
S-13/08 08:00,2,['M. City'],['Bournemouth'],['4\n                                                            '],['0\n                                                    '],"18,30,36,78",
S-13/08 08:00,2,['Wolves'],['Fulham'],['0\n                                                            '],['0\n                                                    '],,
S-13/08 10:30,2,['Brentford'],['M. United'],['4\n                                                            '],['0\n                                                    '],"9,17,29,34",
D-14/08 07:00,2,['Nottingham Forest'],['West Ham'],['1\n                                            '],['0\n                                            '],46,
D-14/08 09:30,2,['Chelsea'],['Tottenham'],['2\n                                                            '],['2\n                                                    '],"18,97,76","67,97,95"
L-15/08 13:00,2,['Chelsea'],['Tottenham'],['2\n                                                            '],['2\n                                                    '],"18,97,76","67,97,95"
S-20/08 05:30,3,['Tottenham'],['Wolves'],['1\n                                                            '],['0\n                                                    '],63,
S-20/08 08:00,3,['Crystal Palace'],['Aston Villa'],['3\n                                            '],['1\n                                            '],"6,57,70",4
S-20/08 08:00,3,['Fulham'],['Brentford'],['3\n                                            '],['2\n                                            '],"0,19,89","43,70"
S-20/08 08:00,3,['Leicester'],['Southampton'],['1\n                                            '],['2\n                                            '],53,"67,83"
S-20/08 08:00,3,['Everton'],['Nottingham Forest'],['1\n                                            '],['1\n                                            '],87,80
S-20/08 10:30,3,['Bournemouth'],['Arsenal'],['0\n                                                            '],['3\n                                                    '],,"4,10,53"
D-21/08 07:00,3,['Leeds'],['Chelsea'],['3\n                                                            '],['0\n                                                    '],"32,36,68",83
D-21/08 07:00,3,['West Ham'],['Brighton'],['0\n                                            '],['2\n                                            '],,"21,65"
D-21/08 09:30,3,['Newcastle'],['M. City'],['3\n                                                            '],['3\n                                                    '],"27,38,53","4,60,63"
L-22/08 13:00,3,['M. United'],['Liverpool'],['2\n                                                            '],['1\n                                                    '],"15,52",80
S-27/08 05:30,4,['Southampton'],['M. United'],['0\n                                                            '],['1\n                                                    '],,54
S-27/08 08:00,4,['Brentford'],['Everton'],['1\n                                            '],['1\n                                            '],83,23
S-27/08 08:00,4,['Brentford'],['Everton'],['1\n                                            '],['1\n                                            '],83,23
S-27/08 08:00,4,['Chelsea'],['Leicester'],['2\n                                                            '],['1\n                                                    '],"27,46,62",65
S-27/08 08:00,4,['Liverpool'],['Bournemouth'],['9\n                                                            '],['0\n                                                    '],"2,84,5,27,30,61,44,45,79",
S-27/08 08:00,4,['M. City'],['Crystal Palace'],['4\n                                                            '],['2\n                                                    '],"52,61,69,80","3,20"
S-27/08 10:30,4,['Arsenal'],['Fulham'],['2\n                                                            '],['1\n                                                    '],"63,85",55
D-28/08 07:00,4,['Aston Villa'],['West Ham'],['0\n                                            '],['1\n                                            '],,73
D-28/08 07:00,4,['Aston Villa'],['West Ham'],['0\n                                            '],['1\n                                            '],,73
D-28/08 09:30,4,['Aston Villa'],['West Ham'],['0\n                                            '],['1\n                                            '],,73
M-30/08 12:30,5,['Crystal Palace'],['Brentford'],['1\n                                            '],['1\n                                            '],58,87
M-30/08 12:30,5,['Fulham'],['Brighton'],['2\n                                            '],['1\n                                            '],"47,54",59
M-30/08 12:45,5,['Southampton'],['Chelsea'],['2\n                                                            '],['1\n                                                    '],"27,45",22
M-30/08 13:00,5,['Southampton'],['Chelsea'],['2\n                                                            '],['1\n                                                    '],"27,45",22
X-31/08 12:30,5,['Southampton'],['Chelsea'],['2\n                                                            '],['1\n                                                    '],"27,45",22
X-31/08 12:30,5,['Southampton'],['Chelsea'],['2\n                                                            '],['1\n                                                    '],"27,45",22
X-31/08 12:30,5,['M. City'],['Nottingham Forest'],['6\n                                                            '],['0\n                                                    '],"11,22,37,49,64,86",
X-31/08 12:45,5,['West Ham'],['Tottenham'],['1\n                                                            '],['1\n                                                    '],54,33
X-31/08 13:00,5,['West Ham'],['Tottenham'],['1\n                                                            '],['1\n                                                    '],54,33
J-01/09 13:00,5,['West Ham'],['Tottenham'],['1\n                                                            '],['1\n                                                    '],54,33
S-03/09 05:30,6,['Everton'],['Liverpool'],['0\n                                                            '],['0\n                                                    '],,
S-03/09 08:00,6,['Everton'],['Liverpool'],['0\n                                                            '],['0\n                                                    '],,
S-03/09 08:00,6,['Chelsea'],['West Ham'],['2\n                                                            '],['1\n                                                    '],"75,87",61
S-03/09 08:00,6,['Newcastle'],['Crystal Palace'],['0\n                                            '],['0\n                                            '],,
S-03/09 08:00,6,['Tottenham'],['Fulham'],['2\n                                                            '],['1\n                                                    '],"39,74",82
S-03/09 08:00,6,['Wolves'],['Southampton'],['1\n                                            '],['0\n                                            '],45,
S-03/09 08:00,6,['Nottingham Forest'],['Bournemouth'],['2\n                                            '],['3\n                                            '],"32,46","50,62,86"
S-03/09 10:30,6,['Aston Villa'],['M. City'],['1\n                                                            '],['1\n                                                    '],73,49
D-04/09 07:00,6,['Brighton'],['Leicester'],['5\n                                            '],['2\n                                            '],"9,14,63,70,96","0,32"
D-04/09 09:30,6,['M. United'],['Arsenal'],['3\n                                                            '],['1\n                                                    '],"34,65,74",59
J-12/01 13:00,7,['Fulham'],['Chelsea'],['2\n                                                            '],['1\n                                                    '],"24,72","46,57"
X-18/01 13:00,7,['Crystal Palace'],['M. United'],['1\n                                                            '],['1\n                                                    '],90,43
J-19/01 13:00,7,['M. City'],['Tottenham'],['4\n                                                            '],['2\n                                                    '],"50,52,62,89","43,46"
X-01/03 12:45,7,['Arsenal'],['Everton'],['4\n                                                            '],['0\n                                                    '],"39,45,79,70",
X-01/03 13:00,7,['Liverpool'],['Wolves'],['2\n                                                            '],['0\n                                                    '],"72,76",
X-15/03 12:30,7,['Southampton'],['Brentford'],['0\n                                                            '],['2\n                                                    '],,"31,96"
M-04/04 12:45,7,['Bournemouth'],['Brighton'],['0\n                                            '],['2\n                                            '],,"27,90"
M-04/04 12:45,7,['Leicester'],['Aston Villa'],['1\n                                                            '],['2\n                                                    '],"34,69","23,86"
M-04/04 12:45,7,['Leicester'],['Aston Villa'],['1\n                                                            '],['2\n                                                    '],"34,69","23,86"
X-05/04 13:00,7,['West Ham'],['Newcastle'],['1\n                                                            '],['5\n                                                    '],39,"5,45,12,89,81"
V-16/09 13:00,8,['Aston Villa'],['Southampton'],['1\n                                                            '],['0\n                                                    '],40,
V-16/09 13:00,8,['Nottingham Forest'],['Fulham'],['2\n                                            '],['3\n                                            '],"10,76","53,56,59"
S-17/09 05:30,8,['Wolves'],['M. City'],['0\n                                            '],['3\n                                            '],32,"0,15,68"
S-17/09 08:00,8,['Newcastle'],['Bournemouth'],['1\n                                                            '],['1\n                                                    '],66,61
S-17/09 10:30,8,['Newcastle'],['Bournemouth'],['1\n                                                            '],['1\n                                                    '],66,61
D-18/09 05:00,8,['Brentford'],['Arsenal'],['0\n                                                            '],['3\n                                                    '],,"16,27,48"
D-18/09 07:15,8,['Everton'],['West Ham'],['1\n                                            '],['0\n                                            '],52,
X-08/02 13:00,8,['M. United'],['Leeds'],['2\n                                                            '],['2\n                                                    '],"61,69","0,47"
X-15/03 12:30,8,['Brighton'],['Crystal Palace'],['1\n                                            '],['0\n                                            '],14,
M-04/04 13:00,8,['Chelsea'],['Liverpool'],['0\n                                                            '],['0\n                                                    '],,
S-01/10 05:30,9,['Arsenal'],['Tottenham'],['3\n                                                            '],['1\n                                                    '],"19,48,66","30,61"
S-01/10 08:00,9,['Bournemouth'],['Brentford'],['0\n                                            '],['0\n                                            '],,
S-01/10 08:00,9,['Crystal Palace'],['Chelsea'],['1\n                                                            '],['2\n                                                    '],6,"37,89"
S-01/10 08:00,9,['Fulham'],['Newcastle'],['1\n                                            '],['4\n                                            '],"7,87","10,32,56,42"
S-01/10 08:00,9,['Liverpool'],['Brighton'],['3\n                                                            '],['3\n                                                    '],"32,53,62","3,17,82"
S-01/10 08:00,9,['Southampton'],['Everton'],['1\n                                            '],['2\n                                            '],48,"51,53"
S-01/10 10:30,9,['West Ham'],['Wolves'],['2\n                                            '],['0\n                                            '],"28,53",
D-02/10 07:00,9,['M. City'],['M. United'],['6\n                                                            '],['3\n                                                    '],"7,43,72,33,36,63","55,83,90"
D-02/10 09:30,9,['Leeds'],['Aston Villa'],['0\n                                                            '],['0\n                                                    '],47,
L-03/10 13:00,9,['Leicester'],['Nottingham Forest'],['4\n                                            '],['0\n                                            '],"24,34,26,72",
S-08/10 08:00,10,['Bournemouth'],['Leicester'],['2\n                                            '],['1\n                                            '],"67,70",9
S-08/10 08:00,10,['Chelsea'],['Wolves'],['3\n                                                            '],['0\n                                                    '],"47,53,89",
S-08/10 08:00,10,['M. City'],['Southampton'],['4\n                                                            '],['0\n                                                    '],"19,31,48,64",
S-08/10 08:00,10,['Newcastle'],['Brentford'],['5\n                                                            '],['1\n                                                    '],"20,55,27,81,89",53
S-08/10 10:30,10,['Brighton'],['Tottenham'],['0\n                                                            '],['1\n                                                    '],,21
D-09/10 07:00,10,['Brighton'],['Tottenham'],['0\n                                                            '],['1\n                                                    '],,21
D-09/10 07:00,10,['West Ham'],['Fulham'],['3\n                                            '],['1\n                                            '],"28,61,90",4
D-09/10 09:30,10,['West Ham'],['Fulham'],['3\n                                            '],['1\n                                            '],"28,61,90",4
D-09/10 12:00,10,['West Ham'],['Fulham'],['3\n                                            '],['1\n                                            '],"28,61,90",4
L-10/10 13:00,10,['Nottingham Forest'],['Aston Villa'],['1\n                                            '],['1\n                                            '],14,21
V-14/10 13:00,11,['Brentford'],['Brighton'],['2\n                                                            '],['0\n                                                    '],"26,63",
S-15/10 05:30,11,['Leicester'],['Crystal Palace'],['0\n                                            '],['0\n                                            '],,
S-15/10 08:00,11,['Leicester'],['Crystal Palace'],['0\n                                            '],['0\n                                            '],,
S-15/10 08:00,11,['Leicester'],['Crystal Palace'],['0\n                                            '],['0\n                                            '],,
S-15/10 10:30,11,['Tottenham'],['Everton'],['2\n                                                            '],['0\n                                                    '],"58,85",
D-16/10 07:00,11,['Aston Villa'],['Chelsea'],['0\n                                                            '],['2\n                                                    '],,"5,64"
D-16/10 07:00,11,['Leeds'],['Arsenal'],['0\n                                                            '],['1\n                                                    '],,34
D-16/10 07:00,11,['M. United'],['Newcastle'],['0\n                                                            '],['0\n                                                    '],,
D-16/10 07:00,11,['Southampton'],['West Ham'],['1\n                                            '],['1\n                                            '],19,63
D-16/10 09:30,11,['Liverpool'],['M. City'],['1\n                                                            '],['0\n                                                    '],"75,85",
M-18/10 12:30,12,['Brighton'],['Nottingham Forest'],['0\n                                                            '],['0\n                                                    '],,
M-18/10 13:15,12,['Crystal Palace'],['Wolves'],['2\n                                                            '],['1\n                                                    '],"46,69",30
X-19/10 12:30,12,['Bournemouth'],['Southampton'],['0\n                                            '],['1\n                                            '],,8
X-19/10 12:30,12,['Brentford'],['Chelsea'],['0\n                                                            '],['0\n                                                    '],,
X-19/10 12:30,12,['Liverpool'],['West Ham'],['1\n                                                            '],['0\n                                                    '],21,
X-19/10 12:30,12,['Newcastle'],['Everton'],['1\n                                            '],['0\n                                            '],30,
X-19/10 13:15,12,['Newcastle'],['Everton'],['1\n                                            '],['0\n                                            '],30,
J-20/10 12:30,12,['Newcastle'],['Everton'],['1\n                                            '],['0\n                                            '],30,
J-20/10 13:15,12,['Newcastle'],['Everton'],['1\n                                            '],['0\n                                            '],30,
X-15/02 12:30,12,['Arsenal'],['M. City'],['1\n                                                            '],['3\n                                                    '],41,"23,71,81"
S-22/10 05:30,13,['Arsenal'],['M. City'],['1\n                                                            '],['3\n                                                    '],41,"23,71,81"
S-22/10 08:00,13,['Everton'],['Crystal Palace'],['3\n                                            '],['0\n                                            '],"10,62,83",
S-22/10 08:00,13,['M. City'],['Brighton'],['3\n                                                            '],['1\n                                                    '],"21,42,74",52
S-22/10 10:30,13,['Chelsea'],['M. United'],['1\n                                                            '],['1\n                                                    '],86,93
D-23/10 07:00,13,['Aston Villa'],['Brentford'],['4\n                                            '],['0\n                                            '],"1,6,13,58",
D-23/10 07:00,13,['Aston Villa'],['Brentford'],['4\n                                            '],['0\n                                            '],"1,6,13,58",
D-23/10 07:00,13,['Southampton'],['Arsenal'],['1\n                                                            '],['1\n                                                    '],64,10
D-23/10 07:00,13,['Wolves'],['Leicester'],['0\n                                            '],['4\n                                            '],,"7,18,64,78"
D-23/10 09:30,13,['Tottenham'],['Newcastle'],['1\n                                                            '],['2\n                                                    '],53,"30,39"
L-24/10 13:00,13,['Tottenham'],['Newcastle'],['1\n                                                            '],['2\n                                                    '],53,"30,39"
S-29/10 05:30,14,['Leicester'],['M. City'],['0\n                                                            '],['1\n                                                    '],,48
S-29/10 08:00,14,['Bournemouth'],['Tottenham'],['2\n                                                            '],['3\n                                                    '],"21,48","56,72,91"
S-29/10 08:00,14,['Brentford'],['Wolves'],['1\n                                                            '],['1\n                                                    '],49,"51,96"
S-29/10 08:00,14,['Brighton'],['Chelsea'],['4\n                                                            '],['1\n                                                    '],"4,13,41,91",47
S-29/10 08:00,14,['Crystal Palace'],['Southampton'],['1\n                                            '],['0\n                                            '],37,
S-29/10 08:00,14,['Newcastle'],['Aston Villa'],['4\n                                                            '],['0\n                                                    '],"50,55,58,67",
S-29/10 10:30,14,['Fulham'],['Everton'],['0\n                                            '],['0\n                                            '],,
S-29/10 12:45,14,['Liverpool'],['Leeds'],['1\n                                                            '],['2\n                                                    '],13,"3,88"
D-30/10 07:00,14,['Arsenal'],['Nottingham Forest'],['5\n                                                            '],['0\n                                                    '],"4,48,51,56,77",
D-30/10 09:15,14,['M. United'],['West Ham'],['1\n                                                            '],['0\n                                                    '],37,
S-05/11 08:00,15,['M. United'],['West Ham'],['1\n                                                            '],['0\n                                                    '],37,
S-05/11 08:00,15,['M. City'],['Fulham'],['2\n                                                            '],['1\n                                                    '],"15,25,94",27
S-05/11 08:00,15,['Wolves'],['Brighton'],['2\n                                                            '],['3\n                                                    '],"11,34,49","9,43,82"
S-05/11 08:00,15,['Nottingham Forest'],['Brentford'],['2\n                                            '],['2\n                                            '],"19,95","47,74"
S-05/11 10:30,15,['Everton'],['Leicester'],['0\n                                            '],['2\n                                            '],,"44,85"
D-06/11 05:00,15,['Chelsea'],['Arsenal'],['0\n                                                            '],['1\n                                                    '],,62
D-06/11 07:00,15,['Aston Villa'],['M. United'],['3\n                                                            '],['1\n                                                    '],"6,10,48",44
D-06/11 07:00,15,['Southampton'],['Newcastle'],['1\n                                                            '],['4\n                                                    '],88,"34,57,61,90"
D-06/11 07:00,15,['West Ham'],['Crystal Palace'],['1\n                                            '],['2\n                                            '],19,"40,93"
D-06/11 09:30,15,['Tottenham'],['Liverpool'],['1\n                                                            '],['2\n                                                    '],69,"10,39"
S-12/11 05:30,16,['M. City'],['Brentford'],['1\n                                                            '],['2\n                                                    '],45,"15,97"
S-12/11 08:00,16,['Bournemouth'],['Everton'],['3\n                                            '],['0\n                                            '],"17,24,68",
S-12/11 08:00,16,['Liverpool'],['Southampton'],['3\n                                                            '],['1\n                                                    '],"5,20,41",8
S-12/11 08:00,16,['Tottenham'],['Leeds'],['4\n                                                            '],['3\n                                                    '],"24,50,80,82","9,42,75,86"
S-12/11 08:00,16,['West Ham'],['Leicester'],['0\n                                            '],['2\n                                            '],,"7,77"
S-12/11 08:00,16,['Nottingham Forest'],['Crystal Palace'],['1\n                                            '],['0\n                                            '],53,
S-12/11 10:30,16,['Newcastle'],['Chelsea'],['1\n                                                            '],['0\n                                                    '],66,
S-12/11 12:45,16,['Wolves'],['Arsenal'],['0\n                                                            '],['2\n                                                    '],,"53,74"
D-13/11 07:00,16,['Brighton'],['Aston Villa'],['1\n                                                            '],['2\n                                                    '],0,"19,53"
D-13/11 09:30,16,['Fulham'],['M. United'],['1\n                                                            '],['2\n                                                    '],60,"13,92"
L-26/12 05:30,17,['Brentford'],['Tottenham'],['2\n                                                            '],['2\n                                                    '],"14,53","64,70"
L-26/12 08:00,17,['Crystal Palace'],['Fulham'],['0\n                                            '],['3\n                                            '],"56,33","30,70,79"
L-26/12 08:00,17,['Everton'],['Wolves'],['1\n                                                            '],['2\n                                                    '],6,"21,94"
L-26/12 08:00,17,[],[],[],[],,
L-26/12 08:00,17,['Southampton'],['Brighton'],['1\n                                            '],['3\n                                            '],72,"13,34,55"
L-26/12 10:30,17,['Aston Villa'],['Liverpool'],['1\n                                                            '],['3\n                                                    '],58,"4,36,80"
L-26/12 13:00,17,['Arsenal'],['West Ham'],['3\n                                                            '],['1\n                                                    '],"52,58,68",26
M-27/12 10:30,17,['Chelsea'],['Bournemouth'],['2\n                                                            '],['0\n                                                    '],"15,23",
M-27/12 13:00,17,['M. United'],['Nottingham Forest'],['3\n                                                            '],['0\n                                                    '],"18,22,86",
X-28/12 13:00,17,['Leeds'],['M. City'],['1\n                                                            '],['3\n                                                    '],72,"45,50,63"
V-30/12 12:45,18,['West Ham'],['Brentford'],['0\n                                            '],['2\n                                            '],,"17,42"
V-30/12 13:00,18,['Liverpool'],['Leicester'],['2\n                                                            '],['1\n                                                    '],"37,44",3
S-31/12 05:30,18,['Wolves'],['M. United'],['0\n                                                            '],['1\n                                                    '],,75
S-31/12 08:00,18,['Bournemouth'],['Crystal Palace'],['0\n                                            '],['2\n                                            '],,"18,35"
S-31/12 08:00,18,['Fulham'],['Southampton'],['2\n                                            '],['1\n                                            '],"31,87",55
S-31/12 08:00,18,['M. City'],['Everton'],['1\n                                                            '],['1\n                                                    '],23,63
S-31/12 08:00,18,['M. City'],['Everton'],['1\n                                                            '],['1\n                                                    '],23,63
S-31/12 10:30,18,['Brighton'],['Arsenal'],['2\n                                                            '],['4\n                                                    '],"64,76","1,38,46,70"
D-01/01 07:00,18,['Tottenham'],['Aston Villa'],['0\n                                                            '],['2\n                                                    '],,"49,72"
D-01/01 09:30,18,['Nottingham Forest'],['Chelsea'],['1\n                                                            '],['1\n                                                    '],62,15
L-02/01 10:30,19,['Nottingham Forest'],['Chelsea'],['1\n                                                            '],['1\n                                                    '],62,15
M-03/01 12:45,19,['Arsenal'],['Newcastle'],['0\n                                                            '],['0\n                                                    '],,
M-03/01 12:45,19,['Arsenal'],['Newcastle'],['0\n                                                            '],['0\n                                                    '],,
M-03/01 12:45,19,['Leicester'],['Fulham'],['0\n                                            '],['1\n                                            '],,16
M-03/01 13:00,19,['Leicester'],['Fulham'],['0\n                                            '],['1\n                                            '],,16
X-04/01 12:30,19,['Southampton'],['Nottingham Forest'],['0\n                                            '],['1\n                                            '],,26
X-04/01 12:45,19,['Southampton'],['Nottingham Forest'],['0\n                                            '],['1\n                                            '],,26
X-04/01 13:00,19,['Aston Villa'],['Wolves'],['1\n                                                            '],['1\n                                                    '],77,11
X-04/01 13:00,19,[],[],[],[],,
J-05/01 13:00,19,['Chelsea'],['M. City'],['0\n                                                            '],['1\n                                                    '],,62
V-13/01 13:00,20,['Chelsea'],['M. City'],['0\n                                                            '],['1\n                                                    '],,62
S-14/01 05:30,20,['M. United'],['M. City'],['2\n                                                            '],['1\n                                                    '],"77,81",59
S-14/01 08:00,20,['Brighton'],['Liverpool'],['3\n                                                            '],['0\n                                                    '],"46,52,80",
S-14/01 08:00,20,['Brighton'],['Liverpool'],['3\n                                                            '],['0\n                                                    '],"46,52,80",
S-14/01 08:00,20,['Wolves'],['West Ham'],['1\n                                                            '],['0\n                                                    '],47,
S-14/01 08:00,20,['Nottingham Forest'],['Leicester'],['2\n                                            '],['0\n                                            '],"55,84",
S-14/01 10:30,20,['Brentford'],['Bournemouth'],['2\n                                            '],['0\n                                            '],"38,74",
D-15/01 07:00,20,['Chelsea'],['Crystal Palace'],['1\n                                                            '],['0\n                                                    '],63,
D-15/01 07:00,20,['Newcastle'],['Fulham'],['1\n                                                            '],['0\n                                                    '],88,
D-15/01 09:30,20,['Newcastle'],['Fulham'],['1\n                                                            '],['0\n                                                    '],88,
S-21/01 05:30,21,['Liverpool'],['Chelsea'],['0\n                                                            '],['0\n                                                    '],,
S-21/01 08:00,21,['Leicester'],['Brighton'],['2\n                                            '],['2\n                                            '],"37,62","26,87"
S-21/01 08:00,21,['Southampton'],['Aston Villa'],['0\n                                                            '],['1\n                                                    '],,76
S-21/01 08:00,21,['West Ham'],['Everton'],['2\n                                                            '],['0\n                                                    '],"33,41",
S-21/01 08:00,21,['Bournemouth'],['Nottingham Forest'],['1\n                                            '],['1\n                                            '],27,83
S-21/01 10:30,21,['Crystal Palace'],['Newcastle'],['0\n                                                            '],['0\n                                                    '],,
D-22/01 07:00,21,['Crystal Palace'],['Newcastle'],['0\n                                                            '],['0\n                                                    '],,
D-22/01 07:00,21,['Crystal Palace'],['Newcastle'],['0\n                                                            '],['0\n                                                    '],,
D-22/01 09:30,21,['Arsenal'],['M. United'],['3\n                                                            '],['2\n                                                    '],"23,89,52","16,58"
L-23/01 13:15,21,['Fulham'],['Tottenham'],['0\n                                                            '],['1\n                                                    '],,45
V-03/02 13:00,22,['Chelsea'],['Fulham'],['0\n                                                            '],['0\n                                                    '],,
S-04/02 05:30,22,['Everton'],['Arsenal'],['1\n                                                            '],['0\n                                                    '],59,
S-04/02 08:00,22,['Aston Villa'],['Leicester'],['2\n                                                            '],['4\n                                                    '],"8,31","11,40,46,78"
S-04/02 08:00,22,['Brentford'],['Southampton'],['3\n                                            '],['0\n                                            '],"40,43,79",
S-04/02 08:00,22,['Brighton'],['Bournemouth'],['1\n                                            '],['0\n                                            '],86,
S-04/02 08:00,22,['M. United'],['Crystal Palace'],['2\n                                                            '],['1\n                                                    '],"6,61,69",75
S-04/02 08:00,22,['Wolves'],['Liverpool'],['3\n                                                            '],['0\n                                                    '],"4,11,70",
S-04/02 10:30,22,['Newcastle'],['West Ham'],['1\n                                                            '],['1\n                                                    '],2,31
D-05/02 07:00,22,['Nottingham Forest'],['Leeds'],['1\n                                                            '],['0\n                                                    '],13,
D-05/02 09:30,22,['Tottenham'],['M. City'],['1\n                                                            '],['0\n                                                    '],"14,86",
S-11/02 05:30,23,['West Ham'],['Chelsea'],['1\n                                                            '],['1\n                                                    '],27,15
S-11/02 08:00,23,['Arsenal'],['Brentford'],['1\n                                                            '],['1\n                                                    '],65,73
S-11/02 08:00,23,['Crystal Palace'],['Brighton'],['1\n                                            '],['1\n                                            '],68,62
S-11/02 08:00,23,['Leicester'],['Tottenham'],['4\n                                                            '],['1\n                                                    '],"22,24,48,80",13
S-11/02 08:00,23,['Southampton'],['Wolves'],['1\n                                                            '],['2\n                                                    '],23,"26,71,86"
S-11/02 08:00,23,['Southampton'],['Wolves'],['1\n                                                            '],['2\n                                                    '],23,"26,71,86"
S-11/02 10:30,23,['Bournemouth'],['Newcastle'],['1\n                                                            '],['1\n                                                    '],29,46
D-12/02 07:00,23,['Leeds'],['M. United'],['0\n                                                            '],['2\n                                                    '],,"79,84"
D-12/02 09:30,23,['M. City'],['Aston Villa'],['3\n                                                            '],['1\n                                                    '],"3,38,45",60
L-13/02 13:00,23,['Liverpool'],['Everton'],['2\n                                                            '],['0\n                                                    '],"35,48",
S-18/02 05:30,24,['Aston Villa'],['Arsenal'],['2\n                                                            '],['4\n                                                    '],"4,30","15,60,92,97"
S-18/02 08:00,24,['Brentford'],['Crystal Palace'],['1\n                                            '],['1\n                                            '],95,68
S-18/02 08:00,24,['Brighton'],['Fulham'],['0\n                                            '],['1\n                                            '],97,87
S-18/02 08:00,24,['Chelsea'],['Southampton'],['0\n                                                            '],['1\n                                                    '],,45
S-18/02 08:00,24,['Everton'],['Leeds'],['1\n                                            '],['0\n                                            '],63,
S-18/02 08:00,24,['Wolves'],['Bournemouth'],['0\n                                            '],['1\n                                            '],,48
S-18/02 08:00,24,['Wolves'],['Bournemouth'],['0\n                                            '],['1\n                                            '],,48
S-18/02 10:30,24,['Newcastle'],['Liverpool'],['0\n                                                            '],['2\n                                                    '],21,"9,16"
D-19/02 07:00,24,['Newcastle'],['Liverpool'],['0\n                                                            '],['2\n                                                    '],21,"9,16"
D-19/02 09:30,24,['Tottenham'],['West Ham'],['2\n                                                            '],['0\n                                                    '],"55,71",
V-24/02 13:00,25,['Fulham'],['Wolves'],['1\n                                                            '],['1\n                                                    '],63,22
S-25/02 08:00,25,['Fulham'],['Wolves'],['1\n                                                            '],['1\n                                                    '],63,22
S-25/02 08:00,25,['Leeds'],['Southampton'],['1\n                                                            '],['0\n                                                    '],76,
S-25/02 08:00,25,['Leicester'],['Arsenal'],['0\n                                                            '],['1\n                                                    '],,45
S-25/02 08:00,25,['West Ham'],['Nottingham Forest'],['4\n                                            '],['0\n                                            '],"70,72,77,84",
S-25/02 10:30,25,['Bournemouth'],['M. City'],['1\n                                                            '],['4\n                                                    '],82,"14,28,44,50"
S-25/02 12:45,25,['Crystal Palace'],['Liverpool'],['0\n                                                            '],['0\n                                                    '],,
D-26/02 06:30,25,['Tottenham'],['Chelsea'],['2\n                                                            '],['0\n                                                    '],"45,81",
X-05/04 13:00,25,['M. United'],['Brentford'],['1\n                                                            '],['0\n                                                    '],26,
J-18/05 12:30,25,['Newcastle'],['Brighton'],['4\n                                                            '],['1\n                                                    '],"21,48,88,90",50
S-04/03 05:30,26,['M. City'],['Newcastle'],['2\n                                                            '],['0\n                                                    '],"14,66",
S-04/03 08:00,26,['Arsenal'],['Bournemouth'],['3\n                                                            '],['2\n                                                    '],"61,69,96","0,56"
S-04/03 08:00,26,['Arsenal'],['Bournemouth'],['3\n                                                            '],['2\n                                                    '],"61,69,96","0,56"
S-04/03 08:00,26,['Brighton'],['West Ham'],['4\n                                            '],['0\n                                            '],"17,51,68,88",
S-04/03 08:00,26,['Chelsea'],['Leeds'],['1\n                                                            '],['0\n                                                    '],52,
S-04/03 08:00,26,['Wolves'],['Tottenham'],['1\n                                                            '],['0\n                                                    '],81,
S-04/03 10:30,26,['Southampton'],['Leicester'],['1\n                                            '],['0\n                                            '],34,
D-05/03 07:00,26,['Nottingham Forest'],['Everton'],['2\n                                                            '],['2\n                                                    '],"18,76","9,28"
D-05/03 09:30,26,['Liverpool'],['M. United'],['7\n                                                            '],['0\n                                                    '],"42,49,46,74,65,82,87",
L-06/03 13:00,26,['Brentford'],['Fulham'],['3\n                                                            '],['2\n                                                    '],"5,52,84","38,98"
S-11/03 05:30,27,['Bournemouth'],['Liverpool'],['1\n                                                            '],['0\n                                                    '],27,
S-11/03 08:00,27,['Everton'],['Brentford'],['1\n                                            '],['0\n                                            '],0,
S-11/03 08:00,27,['Everton'],['Brentford'],['1\n                                            '],['0\n                                            '],0,
S-11/03 08:00,27,['Everton'],['Brentford'],['1\n                                            '],['0\n                                            '],0,
S-11/03 08:00,27,['Tottenham'],['Nottingham Forest'],['3\n                                                            '],['1\n                                                    '],"18,34,61",80
S-11/03 10:30,27,['Tottenham'],['Nottingham Forest'],['3\n                                                            '],['1\n                                                    '],"18,34,61",80
D-12/03 07:00,27,['Tottenham'],['Nottingham Forest'],['3\n                                                            '],['1\n                                                    '],"18,34,61",80
D-12/03 07:00,27,['M. United'],['Southampton'],['0\n                                                            '],['0\n                                                    '],33,
D-12/03 07:00,27,['M. United'],['Southampton'],['0\n                                                            '],['0\n                                                    '],33,
D-12/03 09:30,27,['Newcastle'],['Wolves'],['2\n                                            '],['1\n                                            '],"25,78",69
V-17/03 13:00,28,['Nottingham Forest'],['Newcastle'],['1\n                                                            '],['2\n                                                    '],25,"46,92"
S-18/03 08:00,28,['Nottingham Forest'],['Newcastle'],['1\n                                                            '],['2\n                                                    '],25,"46,92"
S-18/03 08:00,28,['Brentford'],['Leicester'],['1\n                                            '],['1\n                                            '],"31,91",52
S-18/03 08:00,28,['Southampton'],['Tottenham'],['3\n                                                            '],['3\n                                                    '],"45,76,92","45,64,73"
S-18/03 08:00,28,['Wolves'],['Leeds'],['2\n                                                            '],['4\n                                                    '],"64,72,83,99","5,48,61,96"
S-18/03 10:30,28,['Chelsea'],['Everton'],['2\n                                                            '],['2\n                                                    '],"51,75","68,88"
D-19/03 07:00,28,['Arsenal'],['Crystal Palace'],['4\n                                                            '],['1\n                                                    '],"27,42,73,54",62
X-03/05 13:00,28,['Liverpool'],['Fulham'],['1\n                                                            '],['0\n                                                    '],38,
X-03/05 13:00,28,['M. City'],['West Ham'],['3\n                                                            '],['0\n                                                    '],"49,69,84",
J-04/05 13:00,28,['Brighton'],['M. United'],['1\n                                                            '],['0\n                                                    '],98,
S-01/04 04:30,29,['M. City'],['Liverpool'],['4\n                                                            '],['1\n                                                    '],"26,45,52,73",16
S-01/04 07:00,29,['M. City'],['Liverpool'],['4\n                                                            '],['1\n                                                    '],"26,45,52,73",16
S-01/04 07:00,29,['Bournemouth'],['Fulham'],['2\n                                            '],['1\n                                            '],"49,78",15
S-01/04 07:00,29,['Brighton'],['Brentford'],['3\n                                            '],['3\n                                            '],"20,27,89","9,21,48"
S-01/04 07:00,29,['Crystal Palace'],['Leicester'],['2\n                                            '],['1\n                                            '],"58,93",55
S-01/04 07:00,29,['Nottingham Forest'],['Wolves'],['1\n                                                            '],['1\n                                                    '],37,82
S-01/04 09:30,29,['Chelsea'],['Aston Villa'],['0\n                                                            '],['2\n                                                    '],,"17,55"
D-02/04 07:00,29,['West Ham'],['Southampton'],['1\n                                                            '],['0\n                                                    '],24,
D-02/04 09:30,29,['Newcastle'],['M. United'],['2\n                                                            '],['0\n                                                    '],"64,87",
L-03/04 13:00,29,['Everton'],['Tottenham'],['1\n                                                            '],['1\n                                                    '],"57,89","67,87"
S-08/04 05:30,30,['M. United'],['Everton'],['2\n                                                            '],['0\n                                                    '],"35,70",
S-08/04 08:00,30,['Brentford'],['Newcastle'],['1\n                                            '],['2\n                                            '],45,"53,60"
S-08/04 08:00,30,['Fulham'],['West Ham'],['0\n                                            '],['1\n                                            '],,22
S-08/04 08:00,30,['Leicester'],['Bournemouth'],['0\n                                            '],['1\n                                            '],,39
S-08/04 08:00,30,['Tottenham'],['Brighton'],['2\n                                            '],['1\n                                            '],"9,78",33
S-08/04 08:00,30,['Wolves'],['Chelsea'],['1\n                                                            '],['0\n                                                    '],31,
S-08/04 08:00,30,['Aston Villa'],['Nottingham Forest'],['2\n                                                            '],['0\n                                                    '],"47,94",
S-08/04 10:30,30,['Southampton'],['M. City'],['1\n                                                            '],['4\n                                                    '],71,"44,67,57,74"
D-09/04 07:00,30,['Southampton'],['M. City'],['1\n                                                            '],['4\n                                                    '],71,"44,67,57,74"
D-09/04 09:30,30,['Liverpool'],['Arsenal'],['2\n                                                            '],['2\n                                                    '],"41,86","7,27"
S-15/04 05:30,31,['Aston Villa'],['Newcastle'],['3\n                                                            '],['0\n                                                    '],"10,63,82",
S-15/04 08:00,31,['Chelsea'],['Brighton'],['1\n                                                            '],['2\n                                                    '],12,"41,68"
S-15/04 08:00,31,['Everton'],['Fulham'],['1\n                                            '],['3\n                                            '],34,"21,50,67"
S-15/04 08:00,31,['Southampton'],['Crystal Palace'],['0\n                                            '],['2\n                                            '],,"53,67"
S-15/04 08:00,31,['Wolves'],['Brentford'],['2\n                                                            '],['0\n                                                    '],"26,68",
S-15/04 08:15,31,['Wolves'],['Brentford'],['2\n                                                            '],['0\n                                                    '],"26,68",
S-15/04 10:30,31,['M. City'],['Leicester'],['3\n                                                            '],['1\n                                                    '],"4,12,24",74
D-16/04 07:00,31,['West Ham'],['Arsenal'],['2\n                                                            '],['2\n                                                    '],"32,53","6,9"
D-16/04 09:30,31,['Nottingham Forest'],['M. United'],['0\n                                                            '],['2\n                                                    '],,"31,75"
L-17/04 13:00,31,['Leeds'],['Liverpool'],['1\n                                                            '],['6\n                                                    '],46,"34,38,63,51,72,89"
V-21/04 13:00,32,['Arsenal'],['Southampton'],['3\n                                                            '],['3\n                                                    '],"19,87,89","0,13,65"
S-22/04 05:30,32,['Arsenal'],['Southampton'],['3\n                                                            '],['3\n                                                    '],"19,87,89","0,13,65"
S-22/04 08:00,32,['Brentford'],['Aston Villa'],['1\n                                            '],['1\n                                            '],64,87
S-22/04 08:00,32,['Crystal Palace'],['Everton'],['0\n                                            '],['0\n                                            '],,79
S-22/04 08:00,32,['Leicester'],['Wolves'],['2\n                                            '],['1\n                                            '],"36,74",12
S-22/04 08:00,32,['Liverpool'],['Nottingham Forest'],['3\n                                                            '],['2\n                                                    '],"46,54,69","50,66"
D-23/04 07:00,32,['Bournemouth'],['West Ham'],['0\n                                            '],['4\n                                            '],,"4,11,42,71"
D-23/04 07:00,32,['Newcastle'],['Tottenham'],['6\n                                                            '],['1\n                                                    '],"1,8,5,18,20,66",48
X-24/05 13:00,32,['Brighton'],['M. City'],['1\n                                                            '],['1\n                                                    '],37,24
J-25/05 13:00,32,['M. United'],['Chelsea'],['4\n                                                            '],['1\n                                                    '],"5,50,72,77",88
M-25/04 12:30,33,['Wolves'],['Crystal Palace'],['2\n                                                            '],['0\n                                                    '],"2,93",
M-25/04 12:45,33,['Aston Villa'],['Fulham'],['1\n                                                            '],['0\n                                                    '],20,
M-25/04 13:00,33,['Aston Villa'],['Fulham'],['1\n                                                            '],['0\n                                                    '],20,
X-26/04 12:30,33,['Nottingham Forest'],['Brighton'],['3\n                                            '],['1\n                                            '],"47,68,90",37
X-26/04 12:45,33,['West Ham'],['Liverpool'],['1\n                                                            '],['2\n                                                    '],11,"17,66"
X-26/04 12:45,33,['Chelsea'],['Brentford'],['0\n                                                            '],['2\n                                                    '],,"36,77"
X-26/04 13:00,33,['M. City'],['Arsenal'],['4\n                                                            '],['1\n                                                    '],"6,53,45,94",85
J-27/04 12:45,33,['Everton'],['Newcastle'],['1\n                                                            '],['4\n                                                    '],79,"27,74,71,80"
J-27/04 12:45,33,['Southampton'],['Bournemouth'],['0\n                                            '],['1\n                                            '],,49
J-27/04 13:15,33,['Tottenham'],['M. United'],['2\n                                                            '],['2\n                                                    '],"55,78","6,43"
S-29/04 05:30,34,['Crystal Palace'],['West Ham'],['4\n                                                            '],['3\n                                                    '],"14,19,29,65","8,35,72"
S-29/04 08:00,34,['Brighton'],['Wolves'],['6\n                                                            '],['0\n                                                    '],"5,65,12,25,38,47",
S-29/04 08:00,34,['Brentford'],['Nottingham Forest'],['2\n                                            '],['1\n                                            '],"81,93",45
D-30/04 07:00,34,['Brentford'],['Nottingham Forest'],['2\n                                            '],['1\n                                            '],"81,93",45
D-30/04 07:00,34,['Fulham'],['M. City'],['1\n                                                            '],['2\n                                                    '],14,"2,35"
D-30/04 07:00,34,['M. United'],['Aston Villa'],['1\n                                                            '],['0\n                                                    '],,
D-30/04 07:00,34,['Newcastle'],['Southampton'],['3\n                                            '],['1\n                                            '],"53,80,78",40
D-30/04 09:30,34,['Liverpool'],['Tottenham'],['4\n                                                            '],['3\n                                                    '],"2,4,14,93","39,76,92"
L-01/05 13:00,34,['Leicester'],['Everton'],['2\n                                            '],['2\n                                            '],"21,32","14,54"
M-02/05 13:00,34,['Arsenal'],['Chelsea'],['3\n                                                            '],['1\n                                                    '],"17,30,33",64
S-06/05 08:00,35,['Bournemouth'],['Chelsea'],['1\n                                                            '],['3\n                                                    '],20,"8,81,85"
S-06/05 08:00,35,['M. City'],['Leeds'],['2\n                                                            '],['1\n                                                    '],"18,26",84
S-06/05 08:00,35,['Tottenham'],['Crystal Palace'],['1\n                                                            '],['0\n                                                    '],45,
S-06/05 08:00,35,['Wolves'],['Aston Villa'],['1\n                                                            '],['0\n                                                    '],9,
S-06/05 10:30,35,['Liverpool'],['Brentford'],['1\n                                                            '],['0\n                                                    '],12,
D-07/05 09:30,35,['Newcastle'],['Arsenal'],['0\n                                                            '],['2\n                                                    '],,"13,70"
D-07/05 12:00,35,['Newcastle'],['Arsenal'],['0\n                                                            '],['2\n                                                    '],,"13,70"
L-08/05 08:00,35,['Fulham'],['Leicester'],['5\n                                                            '],['3\n                                                    '],"9,69,17,43,50","58,88,80"
L-08/05 10:30,35,['Brighton'],['Everton'],['1\n                                                            '],['5\n                                                    '],78,"0,28,34,75,95"
L-08/05 13:00,35,['Brighton'],['Everton'],['1\n                                                            '],['5\n                                                    '],78,"0,28,34,75,95"
S-13/05 05:30,36,['Leeds'],['Newcastle'],['2\n                                            '],['2\n                                            '],"6,90,78","30,68"
S-13/05 08:00,36,['Aston Villa'],['Tottenham'],['2\n                                                            '],['1\n                                                    '],"7,71",89
S-13/05 08:00,36,['Crystal Palace'],['Bournemouth'],['2\n                                            '],['0\n                                            '],"38,57",
S-13/05 08:00,36,['M. United'],['Wolves'],['2\n                                                            '],['0\n                                                    '],"31,93",
S-13/05 08:00,36,['Southampton'],['Fulham'],['0\n                                            '],['2\n                                            '],,"47,71"
S-13/05 08:00,36,['Chelsea'],['Nottingham Forest'],['2\n                                                            '],['2\n                                                    '],"50,57","12,61"
D-14/05 07:00,36,['Brentford'],['West Ham'],['2\n                                            '],['0\n                                            '],"19,42",
D-14/05 07:00,36,['Brentford'],['West Ham'],['2\n                                            '],['0\n                                            '],"19,42",
D-14/05 09:30,36,['Brentford'],['West Ham'],['2\n                                            '],['0\n                                            '],"19,42",
L-15/05 13:00,36,['Leicester'],['Liverpool'],['0\n                                                            '],['3\n                                                    '],,"32,35,70"
S-20/05 05:30,37,['Tottenham'],['Brentford'],['1\n                                                            '],['3\n                                                    '],7,"49,61,87"
S-20/05 08:00,37,['Bournemouth'],['M. United'],['0\n                                                            '],['1\n                                                    '],,8
S-20/05 08:00,37,['Fulham'],['Crystal Palace'],['2\n                                            '],['2\n                                            '],"49,60","33,82"
S-20/05 08:00,37,['Liverpool'],['Aston Villa'],['1\n                                                            '],['1\n                                                    '],88,26
S-20/05 08:00,37,['Liverpool'],['Aston Villa'],['1\n                                                            '],['1\n                                                    '],88,26
S-20/05 10:30,37,['Nottingham Forest'],['Arsenal'],['1\n                                                            '],['0\n                                                    '],18,
D-21/05 06:30,37,['West Ham'],['Leeds'],['3\n                                                            '],['1\n                                                    '],"31,71,93",16
D-21/05 07:00,37,['Brighton'],['Southampton'],['3\n                                            '],['1\n                                            '],"28,39,68",57
D-21/05 09:00,37,['M. City'],['Chelsea'],['1\n                                                            '],['0\n                                                    '],11,
L-22/05 13:00,37,['Newcastle'],['Leicester'],['0\n                                                            '],['0\n                                                    '],,
D-28/05 09:30,38,['Arsenal'],['Wolves'],[],[],,
D-28/05 09:30,38,['Aston Villa'],['Brighton'],[],[],,
D-28/05 09:30,38,['Brentford'],['M. City'],[],[],,
D-28/05 09:30,38,['Chelsea'],['Newcastle'],[],[],,
D-28/05 09:30,38,['Everton'],['Bournemouth'],[],[],,
D-28/05 09:30,38,['Leeds'],['Tottenham'],[],[],,
D-28/05 09:30,38,['Leicester'],['West Ham'],[],[],,
D-28/05 09:30,38,['M. United'],['Fulham'],[],[],,
D-28/05 09:30,38,['Southampton'],['Liverpool'],[],[],,
D-28/05 09:30,38,['Crystal Palace'],['Nottingham Forest'],[],[],,
D-28/05 09:30,38,['Arsenal'],['Wolves'],[],[],,
D-28/05 09:30,38,['Aston Villa'],['Brighton'],[],[],,
D-28/05 09:30,38,['Brentford'],['M. City'],[],[],,
D-28/05 09:30,38,['Chelsea'],['Newcastle'],[],[],,
D-28/05 09:30,38,['Everton'],['Bournemouth'],[],[],,
D-28/05 09:30,38,['Leeds'],['Tottenham'],[],[],,
D-28/05 09:30,38,['Leicester'],['West Ham'],[],[],,
D-28/05 09:30,38,['M. United'],['Fulham'],[],[],,
D-28/05 09:30,38,['Southampton'],['Liverpool'],[],[],,
D-28/05 09:30,38,['Crystal Palace'],['Nottingham Forest'],[],[],,
